email,subject,message,name,company
john@example.com,Hello {{name}} from {{company}}!,"Hi {{name}},

I hope this email finds you well. I wanted to reach out regarding our upcoming collaboration with {{company}}.

Looking forward to connecting soon!

Best regards",John Smith,Acme Corp
jane@example.com,Special offer for {{name}},"Dear {{name}},

We have an exclusive offer just for you at {{company}}.

Let me know if you're interested in learning more.

Thanks!",Jane Doe,TechStart Inc
bob@example.com,{{name}} - Quick follow-up,"Hello {{name}},

Just following up on our previous conversation about {{company}}'s needs.

Would love to schedule a call this week.

Cheers",Bob Johnson,Global Solutions
